"","date","hrs_fish","water_temp","flow_cms","spp","count","CPUE"
"1",1985-03-23,24,4,6.1,"CH.parr.hatch",0,0
"2",1985-03-23,24,4,6.1,"CH.parr.hatch",0,0
"3",1985-03-24,24,2,6.1,"CH.parr.hatch",0,0
"4",1985-03-25,24,3.5,5.9,"CH.parr.hatch",0,0
"5",1985-03-26,24,3,5.9,"CH.parr.hatch",0,0
"6",1985-03-27,24,4,5.7,"CH.parr.hatch",0,0
"7",1985-03-28,24,4,5.7,"CH.parr.hatch",0,0
"8",1985-03-29,24,4,5.5,"CH.parr.hatch",0,0
"9",1985-03-30,24,4,5.4,"CH.parr.hatch",0,0
"10",1985-03-31,24,7.5,5.6,"CH.parr.hatch",0,0
"11",1985-04-01,24,8,6.2,"CH.parr.hatch",0,0
"12",1985-04-02,24,9,8.6,"CH.parr.hatch",0,0
"13",1985-04-03,24,7,13.5,"CH.parr.hatch",0,0
"14",1985-04-04,24,2.5,13.6,"CH.parr.hatch",0,0
"15",1985-04-05,24,5,11.7,"CH.parr.hatch",0,0
"16",1985-04-06,24,6,10.7,"CH.parr.hatch",1,0.0416666666666667
"17",1985-04-07,24,1.5,10.6,"CH.parr.hatch",10,0.416666666666667
"18",1985-04-08,24,7,11,"CH.parr.hatch",61,2.54166666666667
"19",1985-04-09,24,8.5,14.9,"CH.parr.hatch",37,1.54166666666667
"20",1985-04-10,24,8,23.3,"CH.parr.hatch",20,0.833333333333333
"21",1985-04-11,24,8,32,"CH.parr.hatch",60,2.5
"22",1985-04-12,24,7,39.9,"CH.parr.hatch",28,1.16666666666667
"23",1985-04-13,24,7,47.6,"CH.parr.hatch",5,0.208333333333333
"24",1985-04-14,24,6,55.5,"CH.parr.hatch",13,0.541666666666667
"25",1985-04-18,7.5,7.5,38.3,"CH.parr.hatch",56,7.46666666666667
"26",1985-04-19,12,9,33.5,"CH.parr.hatch",24,2
"27",1985-04-20,6,8.5,30.1,"CH.parr.hatch",39,6.5
"28",1985-04-21,6,7.5,26.9,"CH.parr.hatch",29,4.83333333333333
"29",1985-04-22,24,7.3,24.7,"CH.parr.hatch",47,1.95833333333333
"30",1985-04-23,24,7.5,23.6,"CH.parr.hatch",49,2.04166666666667
"31",1985-04-24,24,8.3,22,"CH.parr.hatch",23,0.958333333333333
"32",1985-04-25,24,7.8,21.1,"CH.parr.hatch",8,0.333333333333333
"33",1985-04-26,15,8.5,20.2,"CH.parr.hatch",14,0.933333333333333
"34",1985-04-27,8.5,7.5,20.9,"CH.parr.hatch",8,0.941176470588235
"35",1985-04-28,24,8.3,24.2,"CH.parr.hatch",6,0.25
"36",1985-04-29,24,8,22.5,"CH.parr.hatch",5,0.208333333333333
"37",1985-04-29,24,8,22.5,"CH.parr.hatch",5,0.208333333333333
"38",1985-04-30,24,8.3,21.1,"CH.parr.hatch",6,0.25
"39",1985-05-01,24,8.8,20.8,"CH.parr.hatch",2,0.0833333333333333
"40",1985-05-02,24,11,22.9,"CH.parr.hatch",0,0
"41",1985-05-03,24,10.5,28.5,"CH.parr.hatch",1,0.0416666666666667
"42",1985-05-04,24,10.5,32.7,"CH.parr.hatch",2,0.0833333333333333
"43",1985-05-05,24,9.8,32.1,"CH.parr.hatch",0,0
"44",1985-05-06,24,10.2,31.3,"CH.parr.hatch",1,0.0416666666666667
"45",1985-05-07,24,11.3,33.4,"CH.parr.hatch",0,0
"46",1985-05-08,24,10.8,35.3,"CH.parr.hatch",0,0
"47",1985-05-09,24,9.8,35.3,"CH.parr.hatch",0,0
"48",1985-05-10,13,11,36.3,"CH.parr.hatch",1,0.0769230769230769
"49",1985-05-11,24,9.5,36,"CH.parr.hatch",2,0.0833333333333333
"50",1985-05-12,24,10,33.4,"CH.parr.hatch",0,0
"51",1985-05-13,24,10.8,32.3,"CH.parr.hatch",0,0
"52",1985-05-14,22.5,10.5,33.2,"CH.parr.hatch",0,0
"53",1985-05-15,14,12,35.5,"CH.parr.hatch",1,0.0714285714285714
"54",1985-05-16,24,10.3,43.9,"CH.parr.hatch",0,0
"55",1985-05-17,12,14.5,71.3,"CH.parr.hatch",0,0
"56",1985-05-17,4.5,14,71.3,"CH.parr.hatch",1,0.222222222222222
"57",1985-05-20,13,9.8,168,"CH.parr.hatch",0,0
"58",1985-05-21,4,11,152,"CH.parr.hatch",2,0.5
"59",1985-05-23,6,11,151,"CH.parr.hatch",2,0.333333333333333
"60",1985-05-24,6,10.5,163,"CH.parr.hatch",3,0.5
"61",1985-05-25,6,11.5,149,"CH.parr.hatch",3,0.5
"62",1985-05-26,6,10.5,140,"CH.parr.hatch",1,0.166666666666667
"63",1985-05-27,6,11,128,"CH.parr.hatch",2,0.333333333333333
"64",1985-05-28,6,12,134,"CH.parr.hatch",3,0.5
"65",1985-05-29,4.5,11,124,"CH.parr.hatch",9,2
"66",1985-05-30,5.5,10.5,113,"CH.parr.hatch",5,0.909090909090909
"67",1985-05-31,6,13,109,"CH.parr.hatch",0,0
"68",1985-06-01,6,14,113,"CH.parr.hatch",1,0.166666666666667
"69",1985-06-02,6,14,127,"CH.parr.hatch",6,1
"70",1985-06-03,6,14,125,"CH.parr.hatch",5,0.833333333333333
"71",1985-06-04,5,13,123,"CH.parr.hatch",8,1.6
"72",1985-06-05,6,13.5,103,"CH.parr.hatch",6,1
"73",1985-06-06,6,12.5,82.1,"CH.parr.hatch",3,0.5
"74",1985-06-07,6,12,78.3,"CH.parr.hatch",0,0
"75",1985-06-08,6,12.5,85.9,"CH.parr.hatch",0,0
"76",1985-06-09,6,12.5,71.7,"CH.parr.hatch",1,0.166666666666667
"77",1985-06-10,4,14,65.6,"CH.parr.hatch",0,0
"78",1985-06-11,7,15,65.9,"CH.parr.hatch",0,0
"79",1985-06-12,6,15,77.2,"CH.parr.hatch",0,0
"80",1985-06-13,6,13.5,75.2,"CH.parr.hatch",0,0
"81",1985-06-14,6,14.5,66.8,"CH.parr.hatch",1,0.166666666666667
"82",1985-06-15,6,15,74.3,"CH.parr.hatch",2,0.333333333333333
"83",1985-06-16,6,14,61,"CH.parr.hatch",1,0.166666666666667
"84",1985-06-16,4,15,53.2,"CH.parr.hatch",0,0
"85",1985-06-18,4.5,16.5,53.2,"CH.parr.hatch",0,0
"86",1985-06-19,5.5,18.5,57.2,"CH.parr.hatch",1,0.181818181818182
"87",1985-06-20,6,19,56.5,"CH.parr.hatch",1,0.166666666666667
"88",1985-06-21,6,17.5,47.1,"CH.parr.hatch",1,0.166666666666667
"89",1985-06-22,6,18.5,43.2,"CH.parr.hatch",1,0.166666666666667
"90",1985-06-23,24,15.8,37.6,"CH.parr.hatch",0,0
"91",1985-06-24,24,13.3,34.2,"CH.parr.hatch",0,0
"92",1985-06-25,24,12.8,30.9,"CH.parr.hatch",0,0
"93",1985-06-26,24,16,29.1,"CH.parr.hatch",0,0
"94",1985-06-27,24,17.3,29.2,"CH.parr.hatch",0,0
"95",1985-06-28,24,16.8,28.5,"CH.parr.hatch",0,0
"96",1985-06-29,12,19,26.7,"CH.parr.hatch",0,0
"97",1985-07-02,6,20,22.2,"CH.parr.hatch",0,0
"98",1985-07-03,24,19.3,22.1,"CH.parr.hatch",0,0
"99",1985-07-04,24,20.3,20.7,"CH.parr.hatch",0,0
"100",1985-07-05,24,20,18.9,"CH.parr.hatch",0,0
"101",1985-07-06,10,21,17.1,"CH.parr.hatch",0,0
"102",1985-07-09,24,20.5,13,"CH.parr.hatch",0,0
"103",1985-07-10,18,23.5,12.3,"CH.parr.hatch",0,0
"104",1985-07-11,24,21.3,11.6,"CH.parr.hatch",0,0
"105",1985-07-12,24,21,10.8,"CH.parr.hatch",0,0
"106",1985-07-13,11.5,22,10,"CH.parr.hatch",0,0
"107",1985-07-16,24,20.5,8.3,"CH.parr.hatch",0,0
"108",1985-07-17,11.5,22.5,8.4,"CH.parr.hatch",0,0
"109",1985-07-18,12,18.8,8,"CH.parr.hatch",0,0
"110",1985-07-19,12.5,24,7.9,"CH.parr.hatch",0,0
"111",1985-07-23,23,22,7.3,"CH.parr.hatch",0,0
"112",1985-07-24,23,24,6.9,"CH.parr.hatch",0,0
"113",1985-07-25,24,21.8,6.7,"CH.parr.hatch",0,0
"114",1985-07-26,24,21.5,6.2,"CH.parr.hatch",0,0
"115",1985-07-27,13,22,6.1,"CH.parr.hatch",0,0
"116",1985-07-30,24,23.5,5.1,"CH.parr.hatch",0,0
"117",1985-07-31,24,21,4.3,"CH.parr.hatch",0,0
"118",1985-08-01,21,22,4.5,"CH.parr.hatch",0,0
"119",1985-08-02,24,20,4.9,"CH.parr.hatch",0,0
"120",1985-08-03,9.5,22,4.7,"CH.parr.hatch",0,0
"121",1985-08-06,24,23,4,"CH.parr.hatch",0,0
"122",1985-08-07,24,19.5,3.8,"CH.parr.hatch",0,0
"123",1985-08-08,24,17,3.7,"CH.parr.hatch",0,0
"124",1985-08-09,24,17.5,3.7,"CH.parr.hatch",0,0
"125",1985-08-10,12.5,17,4,"CH.parr.hatch",0,0
"126",1985-08-13,24,17.8,3.1,"CH.parr.hatch",0,0
"127",1985-08-14,24,18,2.9,"CH.parr.hatch",0,0
"128",1985-08-15,24,22.8,2.6,"CH.parr.hatch",0,0
"129",1985-08-19,24,18.8,2.3,"CH.parr.hatch",0,0
"130",1985-08-20,24,18,2.3,"CH.parr.hatch",0,0
"131",1985-08-21,24,16.3,2.7,"CH.parr.hatch",0,0
"132",1985-08-22,24,16,2.8,"CH.parr.hatch",0,0
"133",1985-08-23,24,19,2.8,"CH.parr.hatch",0,0
"134",1985-08-24,13,19,2.7,"CH.parr.hatch",0,0
"135",1985-08-27,24,16.5,2.5,"CH.parr.hatch",0,0
"136",1985-08-28,24,17.5,2.4,"CH.parr.hatch",0,0
"137",1985-08-29,24,16,2.3,"CH.parr.hatch",0,0
"138",1985-08-30,24,16.5,2.2,"CH.parr.hatch",0,0
"139",1985-08-31,18,11,2.2,"CH.parr.hatch",0,0
"140",1985-09-03,16.3,24,2.5,"CH.parr.hatch",0,0
"141",1985-09-04,15.5,24,2.4,"CH.parr.hatch",0,0
"142",1985-09-05,16,24,2.4,"CH.parr.hatch",0,0
"143",1985-09-06,14.3,24,3,"CH.parr.hatch",0,0
"144",1985-09-07,13,13,4.4,"CH.parr.hatch",0,0
"145",1985-09-10,12.5,24,4.4,"CH.parr.hatch",0,0
"146",1985-09-11,14,24,4.3,"CH.parr.hatch",0,0
"147",1985-09-12,14,24,4.8,"CH.parr.hatch",0,0
"148",1985-09-13,14,24,5.4,"CH.parr.hatch",0,0
"149",1985-09-14,14,11.5,5.2,"CH.parr.hatch",0,0
"150",1985-09-17,14.8,24,4.2,"CH.parr.hatch",0,0
"151",1985-09-18,13.5,24,4.5,"CH.parr.hatch",0,0
"152",1985-09-19,12,24,4.7,"CH.parr.hatch",0,0
"153",1985-09-20,11,24,4.6,"CH.parr.hatch",0,0
"154",1985-09-21,12,15,4.4,"CH.parr.hatch",0,0
"155",1985-09-24,10,24,4,"CH.parr.hatch",0,0
"156",1985-09-25,11,24,3.9,"CH.parr.hatch",0,0
"157",1985-09-26,12.8,24,3.6,"CH.parr.hatch",0,0
"158",1985-09-27,11.5,24,3.4,"CH.parr.hatch",0,0
"159",1985-09-28,13,13,3.3,"CH.parr.hatch",0,0
"160",1985-10-01,10,24,3.2,"CH.parr.hatch",0,0
"161",1985-10-02,10.5,24,3.2,"CH.parr.hatch",0,0
"162",1985-10-03,10.5,24,3.1,"CH.parr.hatch",0,0
"163",1985-10-04,9.5,24,3,"CH.parr.hatch",0,0
"164",1985-10-05,10,12,3.1,"CH.parr.hatch",0,0
"165",1985-10-08,7,19,3.5,"CH.parr.hatch",0,0
"166",1985-10-09,4.3,24,3.4,"CH.parr.hatch",0,0
"167",1985-10-10,7.3,24,3.3,"CH.parr.hatch",0,0
"168",1985-10-11,7.8,24,3.4,"CH.parr.hatch",0,0
"169",1985-10-12,8,13.5,4.6,"CH.parr.hatch",0,0
"170",1985-10-15,10,24,4.3,"CH.parr.hatch",0,0
"171",1985-10-16,10.5,24,7.4,"CH.parr.hatch",0,0
"172",1985-10-17,9,24,10.5,"CH.parr.hatch",0,0
"173",1985-10-18,8.8,24,8.6,"CH.parr.hatch",0,0
"174",1985-10-19,9,14,9.6,"CH.parr.hatch",0,0
"175",1985-10-22,7.8,24,12.4,"CH.parr.hatch",0,0
"176",1985-10-23,6,24,10.6,"CH.parr.hatch",0,0
"177",1985-10-24,5.5,24,9.2,"CH.parr.hatch",0,0
"178",1985-10-25,5.8,24,9,"CH.parr.hatch",0,0
"179",1985-10-26,7,14.5,9.7,"CH.parr.hatch",0,0
"180",1985-10-29,5,24,12.5,"CH.parr.hatch",0,0
"181",1985-10-30,4.5,24,10.2,"CH.parr.hatch",0,0
"182",1985-10-31,4,24,9.2,"CH.parr.hatch",0,0
"183",1985-11-01,5,24,8.5,"CH.parr.hatch",0,0
"184",1985-11-02,6,15,12,"CH.parr.hatch",0,0
"185",1985-11-05,5.3,24,16.1,"CH.parr.hatch",0,0
"186",1985-11-06,3,24,13.2,"CH.parr.hatch",0,0
"187",1985-11-07,2.5,24,11.4,"CH.parr.hatch",0,0
"188",1985-11-08,2.8,24,10.6,"CH.parr.hatch",0,0
"189",1985-11-09,3,14,9.9,"CH.parr.hatch",0,0
"190",1985-03-23,24,4,6.1,"CH.parr.wild",1,0.0416666666666667
"191",1985-03-23,24,4,6.1,"CH.parr.wild",1,0.0416666666666667
"192",1985-03-24,24,2,6.1,"CH.parr.wild",2,0.0833333333333333
"193",1985-03-25,24,3.5,5.9,"CH.parr.wild",1,0.0416666666666667
"194",1985-03-26,24,3,5.9,"CH.parr.wild",3,0.125
"195",1985-03-27,24,4,5.7,"CH.parr.wild",0,0
"196",1985-03-28,24,4,5.7,"CH.parr.wild",0,0
"197",1985-03-29,24,4,5.5,"CH.parr.wild",0,0
"198",1985-03-30,24,4,5.4,"CH.parr.wild",0,0
"199",1985-03-31,24,7.5,5.6,"CH.parr.wild",0,0
"200",1985-04-01,24,8,6.2,"CH.parr.wild",0,0
"201",1985-04-02,24,9,8.6,"CH.parr.wild",0,0
"202",1985-04-03,24,7,13.5,"CH.parr.wild",0,0
"203",1985-04-04,24,2.5,13.6,"CH.parr.wild",1,0.0416666666666667
"204",1985-04-05,24,5,11.7,"CH.parr.wild",1,0.0416666666666667
"205",1985-04-06,24,6,10.7,"CH.parr.wild",2,0.0833333333333333
"206",1985-04-07,24,1.5,10.6,"CH.parr.wild",1,0.0416666666666667
"207",1985-04-08,24,7,11,"CH.parr.wild",176,7.33333333333333
"208",1985-04-09,24,8.5,14.9,"CH.parr.wild",36,1.5
"209",1985-04-10,24,8,23.3,"CH.parr.wild",16,0.666666666666667
"210",1985-04-11,24,8,32,"CH.parr.wild",27,1.125
"211",1985-04-12,24,7,39.9,"CH.parr.wild",29,1.20833333333333
"212",1985-04-13,24,7,47.6,"CH.parr.wild",18,0.75
"213",1985-04-14,24,6,55.5,"CH.parr.wild",12,0.5
"214",1985-04-18,7.5,7.5,38.3,"CH.parr.wild",11,1.46666666666667
"215",1985-04-19,12,9,33.5,"CH.parr.wild",8,0.666666666666667
"216",1985-04-20,6,8.5,30.1,"CH.parr.wild",4,0.666666666666667
"217",1985-04-21,6,7.5,26.9,"CH.parr.wild",16,2.66666666666667
"218",1985-04-22,24,7.3,24.7,"CH.parr.wild",24,1
"219",1985-04-23,24,7.5,23.6,"CH.parr.wild",17,0.708333333333333
"220",1985-04-24,24,8.3,22,"CH.parr.wild",14,0.583333333333333
"221",1985-04-25,24,7.8,21.1,"CH.parr.wild",5,0.208333333333333
"222",1985-04-26,15,8.5,20.2,"CH.parr.wild",7,0.466666666666667
"223",1985-04-27,8.5,7.5,20.9,"CH.parr.wild",5,0.588235294117647
"224",1985-04-28,24,8.3,24.2,"CH.parr.wild",9,0.375
"225",1985-04-29,24,8,22.5,"CH.parr.wild",9,0.375
"226",1985-04-29,24,8,22.5,"CH.parr.wild",9,0.375
"227",1985-04-30,24,8.3,21.1,"CH.parr.wild",7,0.291666666666667
"228",1985-05-01,24,8.8,20.8,"CH.parr.wild",3,0.125
"229",1985-05-02,24,11,22.9,"CH.parr.wild",0,0
"230",1985-05-03,24,10.5,28.5,"CH.parr.wild",3,0.125
"231",1985-05-04,24,10.5,32.7,"CH.parr.wild",1,0.0416666666666667
"232",1985-05-05,24,9.8,32.1,"CH.parr.wild",3,0.125
"233",1985-05-06,24,10.2,31.3,"CH.parr.wild",1,0.0416666666666667
"234",1985-05-07,24,11.3,33.4,"CH.parr.wild",3,0.125
"235",1985-05-08,24,10.8,35.3,"CH.parr.wild",1,0.0416666666666667
"236",1985-05-09,24,9.8,35.3,"CH.parr.wild",1,0.0416666666666667
"237",1985-05-10,13,11,36.3,"CH.parr.wild",1,0.0769230769230769
"238",1985-05-11,24,9.5,36,"CH.parr.wild",4,0.166666666666667
"239",1985-05-12,24,10,33.4,"CH.parr.wild",2,0.0833333333333333
"240",1985-05-13,24,10.8,32.3,"CH.parr.wild",1,0.0416666666666667
"241",1985-05-14,22.5,10.5,33.2,"CH.parr.wild",2,0.0888888888888889
"242",1985-05-15,14,12,35.5,"CH.parr.wild",2,0.142857142857143
"243",1985-05-16,24,10.3,43.9,"CH.parr.wild",0,0
"244",1985-05-17,12,14.5,71.3,"CH.parr.wild",1,0.0833333333333333
"245",1985-05-17,4.5,14,71.3,"CH.parr.wild",0,0
"246",1985-05-20,13,9.8,168,"CH.parr.wild",0,0
"247",1985-05-21,4,11,152,"CH.parr.wild",0,0
"248",1985-05-23,6,11,151,"CH.parr.wild",1,0.166666666666667
"249",1985-05-24,6,10.5,163,"CH.parr.wild",2,0.333333333333333
"250",1985-05-25,6,11.5,149,"CH.parr.wild",0,0
"251",1985-05-26,6,10.5,140,"CH.parr.wild",2,0.333333333333333
"252",1985-05-27,6,11,128,"CH.parr.wild",4,0.666666666666667
"253",1985-05-28,6,12,134,"CH.parr.wild",0,0
"254",1985-05-29,4.5,11,124,"CH.parr.wild",1,0.222222222222222
"255",1985-05-30,5.5,10.5,113,"CH.parr.wild",3,0.545454545454545
"256",1985-05-31,6,13,109,"CH.parr.wild",1,0.166666666666667
"257",1985-06-01,6,14,113,"CH.parr.wild",2,0.333333333333333
"258",1985-06-02,6,14,127,"CH.parr.wild",2,0.333333333333333
"259",1985-06-03,6,14,125,"CH.parr.wild",0,0
"260",1985-06-04,5,13,123,"CH.parr.wild",3,0.6
"261",1985-06-05,6,13.5,103,"CH.parr.wild",5,0.833333333333333
"262",1985-06-06,6,12.5,82.1,"CH.parr.wild",0,0
"263",1985-06-07,6,12,78.3,"CH.parr.wild",0,0
"264",1985-06-08,6,12.5,85.9,"CH.parr.wild",0,0
"265",1985-06-09,6,12.5,71.7,"CH.parr.wild",0,0
"266",1985-06-10,4,14,65.6,"CH.parr.wild",0,0
"267",1985-06-11,7,15,65.9,"CH.parr.wild",0,0
"268",1985-06-12,6,15,77.2,"CH.parr.wild",0,0
"269",1985-06-13,6,13.5,75.2,"CH.parr.wild",1,0.166666666666667
"270",1985-06-14,6,14.5,66.8,"CH.parr.wild",0,0
"271",1985-06-15,6,15,74.3,"CH.parr.wild",0,0
"272",1985-06-16,6,14,61,"CH.parr.wild",0,0
"273",1985-06-16,4,15,53.2,"CH.parr.wild",1,0.25
"274",1985-06-18,4.5,16.5,53.2,"CH.parr.wild",0,0
"275",1985-06-19,5.5,18.5,57.2,"CH.parr.wild",0,0
"276",1985-06-20,6,19,56.5,"CH.parr.wild",0,0
"277",1985-06-21,6,17.5,47.1,"CH.parr.wild",0,0
"278",1985-06-22,6,18.5,43.2,"CH.parr.wild",0,0
"279",1985-06-23,24,15.8,37.6,"CH.parr.wild",0,0
"280",1985-06-24,24,13.3,34.2,"CH.parr.wild",0,0
"281",1985-06-25,24,12.8,30.9,"CH.parr.wild",0,0
"282",1985-06-26,24,16,29.1,"CH.parr.wild",0,0
"283",1985-06-27,24,17.3,29.2,"CH.parr.wild",0,0
"284",1985-06-28,24,16.8,28.5,"CH.parr.wild",0,0
"285",1985-06-29,12,19,26.7,"CH.parr.wild",0,0
"286",1985-07-02,6,20,22.2,"CH.parr.wild",0,0
"287",1985-07-03,24,19.3,22.1,"CH.parr.wild",0,0
"288",1985-07-04,24,20.3,20.7,"CH.parr.wild",0,0
"289",1985-07-05,24,20,18.9,"CH.parr.wild",0,0
"290",1985-07-06,10,21,17.1,"CH.parr.wild",0,0
"291",1985-07-09,24,20.5,13,"CH.parr.wild",0,0
"292",1985-07-10,18,23.5,12.3,"CH.parr.wild",0,0
"293",1985-07-11,24,21.3,11.6,"CH.parr.wild",0,0
"294",1985-07-12,24,21,10.8,"CH.parr.wild",0,0
"295",1985-07-13,11.5,22,10,"CH.parr.wild",0,0
"296",1985-07-16,24,20.5,8.3,"CH.parr.wild",0,0
"297",1985-07-17,11.5,22.5,8.4,"CH.parr.wild",0,0
"298",1985-07-18,12,18.8,8,"CH.parr.wild",0,0
"299",1985-07-19,12.5,24,7.9,"CH.parr.wild",0,0
"300",1985-07-23,23,22,7.3,"CH.parr.wild",0,0
"301",1985-07-24,23,24,6.9,"CH.parr.wild",0,0
"302",1985-07-25,24,21.8,6.7,"CH.parr.wild",0,0
"303",1985-07-26,24,21.5,6.2,"CH.parr.wild",0,0
"304",1985-07-27,13,22,6.1,"CH.parr.wild",0,0
"305",1985-07-30,24,23.5,5.1,"CH.parr.wild",0,0
"306",1985-07-31,24,21,4.3,"CH.parr.wild",0,0
"307",1985-08-01,21,22,4.5,"CH.parr.wild",0,0
"308",1985-08-02,24,20,4.9,"CH.parr.wild",0,0
"309",1985-08-03,9.5,22,4.7,"CH.parr.wild",0,0
"310",1985-08-06,24,23,4,"CH.parr.wild",0,0
"311",1985-08-07,24,19.5,3.8,"CH.parr.wild",0,0
"312",1985-08-08,24,17,3.7,"CH.parr.wild",0,0
"313",1985-08-09,24,17.5,3.7,"CH.parr.wild",0,0
"314",1985-08-10,12.5,17,4,"CH.parr.wild",0,0
"315",1985-08-13,24,17.8,3.1,"CH.parr.wild",0,0
"316",1985-08-14,24,18,2.9,"CH.parr.wild",0,0
"317",1985-08-15,24,22.8,2.6,"CH.parr.wild",0,0
"318",1985-08-19,24,18.8,2.3,"CH.parr.wild",0,0
"319",1985-08-20,24,18,2.3,"CH.parr.wild",0,0
"320",1985-08-21,24,16.3,2.7,"CH.parr.wild",0,0
"321",1985-08-22,24,16,2.8,"CH.parr.wild",0,0
"322",1985-08-23,24,19,2.8,"CH.parr.wild",0,0
"323",1985-08-24,13,19,2.7,"CH.parr.wild",0,0
"324",1985-08-27,24,16.5,2.5,"CH.parr.wild",0,0
"325",1985-08-28,24,17.5,2.4,"CH.parr.wild",0,0
"326",1985-08-29,24,16,2.3,"CH.parr.wild",0,0
"327",1985-08-30,24,16.5,2.2,"CH.parr.wild",0,0
"328",1985-08-31,18,11,2.2,"CH.parr.wild",0,0
"329",1985-09-03,16.3,24,2.5,"CH.parr.wild",0,0
"330",1985-09-04,15.5,24,2.4,"CH.parr.wild",0,0
"331",1985-09-05,16,24,2.4,"CH.parr.wild",0,0
"332",1985-09-06,14.3,24,3,"CH.parr.wild",0,0
"333",1985-09-07,13,13,4.4,"CH.parr.wild",0,0
"334",1985-09-10,12.5,24,4.4,"CH.parr.wild",0,0
"335",1985-09-11,14,24,4.3,"CH.parr.wild",0,0
"336",1985-09-12,14,24,4.8,"CH.parr.wild",0,0
"337",1985-09-13,14,24,5.4,"CH.parr.wild",0,0
"338",1985-09-14,14,11.5,5.2,"CH.parr.wild",0,0
"339",1985-09-17,14.8,24,4.2,"CH.parr.wild",0,0
"340",1985-09-18,13.5,24,4.5,"CH.parr.wild",0,0
"341",1985-09-19,12,24,4.7,"CH.parr.wild",0,0
"342",1985-09-20,11,24,4.6,"CH.parr.wild",0,0
"343",1985-09-21,12,15,4.4,"CH.parr.wild",0,0
"344",1985-09-24,10,24,4,"CH.parr.wild",0,0
"345",1985-09-25,11,24,3.9,"CH.parr.wild",0,0
"346",1985-09-26,12.8,24,3.6,"CH.parr.wild",0,0
"347",1985-09-27,11.5,24,3.4,"CH.parr.wild",0,0
"348",1985-09-28,13,13,3.3,"CH.parr.wild",0,0
"349",1985-10-01,10,24,3.2,"CH.parr.wild",0,0
"350",1985-10-02,10.5,24,3.2,"CH.parr.wild",0,0
"351",1985-10-03,10.5,24,3.1,"CH.parr.wild",0,0
"352",1985-10-04,9.5,24,3,"CH.parr.wild",0,0
"353",1985-10-05,10,12,3.1,"CH.parr.wild",0,0
"354",1985-10-08,7,19,3.5,"CH.parr.wild",0,0
"355",1985-10-09,4.3,24,3.4,"CH.parr.wild",0,0
"356",1985-10-10,7.3,24,3.3,"CH.parr.wild",0,0
"357",1985-10-11,7.8,24,3.4,"CH.parr.wild",0,0
"358",1985-10-12,8,13.5,4.6,"CH.parr.wild",0,0
"359",1985-10-15,10,24,4.3,"CH.parr.wild",0,0
"360",1985-10-16,10.5,24,7.4,"CH.parr.wild",0,0
"361",1985-10-17,9,24,10.5,"CH.parr.wild",0,0
"362",1985-10-18,8.8,24,8.6,"CH.parr.wild",0,0
"363",1985-10-19,9,14,9.6,"CH.parr.wild",0,0
"364",1985-10-22,7.8,24,12.4,"CH.parr.wild",0,0
"365",1985-10-23,6,24,10.6,"CH.parr.wild",0,0
"366",1985-10-24,5.5,24,9.2,"CH.parr.wild",0,0
"367",1985-10-25,5.8,24,9,"CH.parr.wild",0,0
"368",1985-10-26,7,14.5,9.7,"CH.parr.wild",0,0
"369",1985-10-29,5,24,12.5,"CH.parr.wild",0,0
"370",1985-10-30,4.5,24,10.2,"CH.parr.wild",0,0
"371",1985-10-31,4,24,9.2,"CH.parr.wild",0,0
"372",1985-11-01,5,24,8.5,"CH.parr.wild",0,0
"373",1985-11-02,6,15,12,"CH.parr.wild",0,0
"374",1985-11-05,5.3,24,16.1,"CH.parr.wild",0,0
"375",1985-11-06,3,24,13.2,"CH.parr.wild",0,0
"376",1985-11-07,2.5,24,11.4,"CH.parr.wild",0,0
"377",1985-11-08,2.8,24,10.6,"CH.parr.wild",0,0
"378",1985-11-09,3,14,9.9,"CH.parr.wild",0,0
"379",1985-03-23,24,4,6.1,"CH.fry",0,0
"380",1985-03-23,24,4,6.1,"CH.fry",0,0
"381",1985-03-24,24,2,6.1,"CH.fry",0,0
"382",1985-03-25,24,3.5,5.9,"CH.fry",0,0
"383",1985-03-26,24,3,5.9,"CH.fry",0,0
"384",1985-03-27,24,4,5.7,"CH.fry",0,0
"385",1985-03-28,24,4,5.7,"CH.fry",0,0
"386",1985-03-29,24,4,5.5,"CH.fry",0,0
"387",1985-03-30,24,4,5.4,"CH.fry",0,0
"388",1985-03-31,24,7.5,5.6,"CH.fry",0,0
"389",1985-04-01,24,8,6.2,"CH.fry",0,0
"390",1985-04-02,24,9,8.6,"CH.fry",0,0
"391",1985-04-03,24,7,13.5,"CH.fry",0,0
"392",1985-04-04,24,2.5,13.6,"CH.fry",0,0
"393",1985-04-05,24,5,11.7,"CH.fry",0,0
"394",1985-04-06,24,6,10.7,"CH.fry",0,0
"395",1985-04-07,24,1.5,10.6,"CH.fry",0,0
"396",1985-04-08,24,7,11,"CH.fry",0,0
"397",1985-04-09,24,8.5,14.9,"CH.fry",0,0
"398",1985-04-10,24,8,23.3,"CH.fry",0,0
"399",1985-04-11,24,8,32,"CH.fry",0,0
"400",1985-04-12,24,7,39.9,"CH.fry",0,0
"401",1985-04-13,24,7,47.6,"CH.fry",1,0.0416666666666667
"402",1985-04-14,24,6,55.5,"CH.fry",0,0
"403",1985-04-18,7.5,7.5,38.3,"CH.fry",0,0
"404",1985-04-19,12,9,33.5,"CH.fry",0,0
"405",1985-04-20,6,8.5,30.1,"CH.fry",0,0
"406",1985-04-21,6,7.5,26.9,"CH.fry",0,0
"407",1985-04-22,24,7.3,24.7,"CH.fry",0,0
"408",1985-04-23,24,7.5,23.6,"CH.fry",0,0
"409",1985-04-24,24,8.3,22,"CH.fry",0,0
"410",1985-04-25,24,7.8,21.1,"CH.fry",0,0
"411",1985-04-26,15,8.5,20.2,"CH.fry",0,0
"412",1985-04-27,8.5,7.5,20.9,"CH.fry",0,0
"413",1985-04-28,24,8.3,24.2,"CH.fry",0,0
"414",1985-04-29,24,8,22.5,"CH.fry",0,0
"415",1985-04-29,24,8,22.5,"CH.fry",0,0
"416",1985-04-30,24,8.3,21.1,"CH.fry",0,0
"417",1985-05-01,24,8.8,20.8,"CH.fry",0,0
"418",1985-05-02,24,11,22.9,"CH.fry",1,0.0416666666666667
"419",1985-05-03,24,10.5,28.5,"CH.fry",0,0
"420",1985-05-04,24,10.5,32.7,"CH.fry",1,0.0416666666666667
"421",1985-05-05,24,9.8,32.1,"CH.fry",6,0.25
"422",1985-05-06,24,10.2,31.3,"CH.fry",3,0.125
"423",1985-05-07,24,11.3,33.4,"CH.fry",6,0.25
"424",1985-05-08,24,10.8,35.3,"CH.fry",12,0.5
"425",1985-05-09,24,9.8,35.3,"CH.fry",18,0.75
"426",1985-05-10,13,11,36.3,"CH.fry",21,1.61538461538462
"427",1985-05-11,24,9.5,36,"CH.fry",28,1.16666666666667
"428",1985-05-12,24,10,33.4,"CH.fry",30,1.25
"429",1985-05-13,24,10.8,32.3,"CH.fry",24,1
"430",1985-05-14,22.5,10.5,33.2,"CH.fry",24,1.06666666666667
"431",1985-05-15,14,12,35.5,"CH.fry",10,0.714285714285714
"432",1985-05-16,24,10.3,43.9,"CH.fry",15,0.625
"433",1985-05-17,12,14.5,71.3,"CH.fry",16,1.33333333333333
"434",1985-05-17,4.5,14,71.3,"CH.fry",132,29.3333333333333
"435",1985-05-20,13,9.8,168,"CH.fry",151,11.6153846153846
"436",1985-05-21,4,11,152,"CH.fry",46,11.5
"437",1985-05-23,6,11,151,"CH.fry",72,12
"438",1985-05-24,6,10.5,163,"CH.fry",91,15.1666666666667
"439",1985-05-25,6,11.5,149,"CH.fry",40,6.66666666666667
"440",1985-05-26,6,10.5,140,"CH.fry",42,7
"441",1985-05-27,6,11,128,"CH.fry",54,9
"442",1985-05-28,6,12,134,"CH.fry",24,4
"443",1985-05-29,4.5,11,124,"CH.fry",31,6.88888888888889
"444",1985-05-30,5.5,10.5,113,"CH.fry",28,5.09090909090909
"445",1985-05-31,6,13,109,"CH.fry",6,1
"446",1985-06-01,6,14,113,"CH.fry",5,0.833333333333333
"447",1985-06-02,6,14,127,"CH.fry",6,1
"448",1985-06-03,6,14,125,"CH.fry",7,1.16666666666667
"449",1985-06-04,5,13,123,"CH.fry",7,1.4
"450",1985-06-05,6,13.5,103,"CH.fry",10,1.66666666666667
"451",1985-06-06,6,12.5,82.1,"CH.fry",6,1
"452",1985-06-07,6,12,78.3,"CH.fry",2,0.333333333333333
"453",1985-06-08,6,12.5,85.9,"CH.fry",2,0.333333333333333
"454",1985-06-09,6,12.5,71.7,"CH.fry",0,0
"455",1985-06-10,4,14,65.6,"CH.fry",1,0.25
"456",1985-06-11,7,15,65.9,"CH.fry",2,0.285714285714286
"457",1985-06-12,6,15,77.2,"CH.fry",0,0
"458",1985-06-13,6,13.5,75.2,"CH.fry",3,0.5
"459",1985-06-14,6,14.5,66.8,"CH.fry",2,0.333333333333333
"460",1985-06-15,6,15,74.3,"CH.fry",0,0
"461",1985-06-16,6,14,61,"CH.fry",0,0
"462",1985-06-16,4,15,53.2,"CH.fry",0,0
"463",1985-06-18,4.5,16.5,53.2,"CH.fry",1,0.222222222222222
"464",1985-06-19,5.5,18.5,57.2,"CH.fry",0,0
"465",1985-06-20,6,19,56.5,"CH.fry",1,0.166666666666667
"466",1985-06-21,6,17.5,47.1,"CH.fry",1,0.166666666666667
"467",1985-06-22,6,18.5,43.2,"CH.fry",0,0
"468",1985-06-23,24,15.8,37.6,"CH.fry",6,0.25
"469",1985-06-24,24,13.3,34.2,"CH.fry",13,0.541666666666667
"470",1985-06-25,24,12.8,30.9,"CH.fry",15,0.625
"471",1985-06-26,24,16,29.1,"CH.fry",25,1.04166666666667
"472",1985-06-27,24,17.3,29.2,"CH.fry",24,1
"473",1985-06-28,24,16.8,28.5,"CH.fry",20,0.833333333333333
"474",1985-06-29,12,19,26.7,"CH.fry",37,3.08333333333333
"475",1985-07-02,6,20,22.2,"CH.fry",0,0
"476",1985-07-03,24,19.3,22.1,"CH.fry",43,1.79166666666667
"477",1985-07-04,24,20.3,20.7,"CH.fry",34,1.41666666666667
"478",1985-07-05,24,20,18.9,"CH.fry",40,1.66666666666667
"479",1985-07-06,10,21,17.1,"CH.fry",43,4.3
"480",1985-07-09,24,20.5,13,"CH.fry",58,2.41666666666667
"481",1985-07-10,18,23.5,12.3,"CH.fry",13,0.722222222222222
"482",1985-07-11,24,21.3,11.6,"CH.fry",25,1.04166666666667
"483",1985-07-12,24,21,10.8,"CH.fry",20,0.833333333333333
"484",1985-07-13,11.5,22,10,"CH.fry",27,2.34782608695652
"485",1985-07-16,24,20.5,8.3,"CH.fry",25,1.04166666666667
"486",1985-07-17,11.5,22.5,8.4,"CH.fry",21,1.82608695652174
"487",1985-07-18,12,18.8,8,"CH.fry",14,1.16666666666667
"488",1985-07-19,12.5,24,7.9,"CH.fry",12,0.96
"489",1985-07-23,23,22,7.3,"CH.fry",20,0.869565217391304
"490",1985-07-24,23,24,6.9,"CH.fry",4,0.173913043478261
"491",1985-07-25,24,21.8,6.7,"CH.fry",20,0.833333333333333
"492",1985-07-26,24,21.5,6.2,"CH.fry",22,0.916666666666667
"493",1985-07-27,13,22,6.1,"CH.fry",7,0.538461538461538
"494",1985-07-30,24,23.5,5.1,"CH.fry",5,0.208333333333333
"495",1985-07-31,24,21,4.3,"CH.fry",2,0.0833333333333333
"496",1985-08-01,21,22,4.5,"CH.fry",1,0.0476190476190476
"497",1985-08-02,24,20,4.9,"CH.fry",0,0
"498",1985-08-03,9.5,22,4.7,"CH.fry",7,0.736842105263158
"499",1985-08-06,24,23,4,"CH.fry",11,0.458333333333333
"500",1985-08-07,24,19.5,3.8,"CH.fry",12,0.5
"501",1985-08-08,24,17,3.7,"CH.fry",24,1
"502",1985-08-09,24,17.5,3.7,"CH.fry",34,1.41666666666667
"503",1985-08-10,12.5,17,4,"CH.fry",57,4.56
"504",1985-08-13,24,17.8,3.1,"CH.fry",11,0.458333333333333
"505",1985-08-14,24,18,2.9,"CH.fry",12,0.5
"506",1985-08-15,24,22.8,2.6,"CH.fry",11,0.458333333333333
"507",1985-08-19,24,18.8,2.3,"CH.fry",1,0.0416666666666667
"508",1985-08-20,24,18,2.3,"CH.fry",24,1
"509",1985-08-21,24,16.3,2.7,"CH.fry",43,1.79166666666667
"510",1985-08-22,24,16,2.8,"CH.fry",38,1.58333333333333
"511",1985-08-23,24,19,2.8,"CH.fry",13,0.541666666666667
"512",1985-08-24,13,19,2.7,"CH.fry",26,2
"513",1985-08-27,24,16.5,2.5,"CH.fry",8,0.333333333333333
"514",1985-08-28,24,17.5,2.4,"CH.fry",5,0.208333333333333
"515",1985-08-29,24,16,2.3,"CH.fry",7,0.291666666666667
"516",1985-08-30,24,16.5,2.2,"CH.fry",6,0.25
"517",1985-08-31,18,11,2.2,"CH.fry",6,0.333333333333333
"518",1985-09-03,16.3,24,2.5,"CH.fry",29,1.77914110429448
"519",1985-09-04,15.5,24,2.4,"CH.fry",10,0.645161290322581
"520",1985-09-05,16,24,2.4,"CH.fry",22,1.375
"521",1985-09-06,14.3,24,3,"CH.fry",82,5.73426573426573
"522",1985-09-07,13,13,4.4,"CH.fry",114,8.76923076923077
"523",1985-09-10,12.5,24,4.4,"CH.fry",39,3.12
"524",1985-09-11,14,24,4.3,"CH.fry",24,1.71428571428571
"525",1985-09-12,14,24,4.8,"CH.fry",37,2.64285714285714
"526",1985-09-13,14,24,5.4,"CH.fry",48,3.42857142857143
"527",1985-09-14,14,11.5,5.2,"CH.fry",48,3.42857142857143
"528",1985-09-17,14.8,24,4.2,"CH.fry",17,1.14864864864865
"529",1985-09-18,13.5,24,4.5,"CH.fry",20,1.48148148148148
"530",1985-09-19,12,24,4.7,"CH.fry",17,1.41666666666667
"531",1985-09-20,11,24,4.6,"CH.fry",20,1.81818181818182
"532",1985-09-21,12,15,4.4,"CH.fry",19,1.58333333333333
"533",1985-09-24,10,24,4,"CH.fry",12,1.2
"534",1985-09-25,11,24,3.9,"CH.fry",5,0.454545454545455
"535",1985-09-26,12.8,24,3.6,"CH.fry",1,0.078125
"536",1985-09-27,11.5,24,3.4,"CH.fry",3,0.260869565217391
"537",1985-09-28,13,13,3.3,"CH.fry",5,0.384615384615385
"538",1985-10-01,10,24,3.2,"CH.fry",0,0
"539",1985-10-02,10.5,24,3.2,"CH.fry",3,0.285714285714286
"540",1985-10-03,10.5,24,3.1,"CH.fry",17,1.61904761904762
"541",1985-10-04,9.5,24,3,"CH.fry",40,4.21052631578947
"542",1985-10-05,10,12,3.1,"CH.fry",27,2.7
"543",1985-10-08,7,19,3.5,"CH.fry",166,23.7142857142857
"544",1985-10-09,4.3,24,3.4,"CH.fry",17,3.95348837209302
"545",1985-10-10,7.3,24,3.3,"CH.fry",51,6.98630136986301
"546",1985-10-11,7.8,24,3.4,"CH.fry",40,5.12820512820513
"547",1985-10-12,8,13.5,4.6,"CH.fry",35,4.375
"548",1985-10-15,10,24,4.3,"CH.fry",21,2.1
"549",1985-10-16,10.5,24,7.4,"CH.fry",65,6.19047619047619
"550",1985-10-17,9,24,10.5,"CH.fry",61,6.77777777777778
"551",1985-10-18,8.8,24,8.6,"CH.fry",77,8.75
"552",1985-10-19,9,14,9.6,"CH.fry",48,5.33333333333333
"553",1985-10-22,7.8,24,12.4,"CH.fry",4,0.512820512820513
"554",1985-10-23,6,24,10.6,"CH.fry",12,2
"555",1985-10-24,5.5,24,9.2,"CH.fry",24,4.36363636363636
"556",1985-10-25,5.8,24,9,"CH.fry",25,4.31034482758621
"557",1985-10-26,7,14.5,9.7,"CH.fry",25,3.57142857142857
"558",1985-10-29,5,24,12.5,"CH.fry",76,15.2
"559",1985-10-30,4.5,24,10.2,"CH.fry",30,6.66666666666667
"560",1985-10-31,4,24,9.2,"CH.fry",20,5
"561",1985-11-01,5,24,8.5,"CH.fry",34,6.8
"562",1985-11-02,6,15,12,"CH.fry",38,6.33333333333333
"563",1985-11-05,5.3,24,16.1,"CH.fry",55,10.377358490566
"564",1985-11-06,3,24,13.2,"CH.fry",20,6.66666666666667
"565",1985-11-07,2.5,24,11.4,"CH.fry",47,18.8
"566",1985-11-08,2.8,24,10.6,"CH.fry",13,4.64285714285714
"567",1985-11-09,3,14,9.9,"CH.fry",9,3
"568",1985-03-23,24,4,6.1,"CO",0,0
"569",1985-03-23,24,4,6.1,"CO",0,0
"570",1985-03-24,24,2,6.1,"CO",0,0
"571",1985-03-25,24,3.5,5.9,"CO",0,0
"572",1985-03-26,24,3,5.9,"CO",0,0
"573",1985-03-27,24,4,5.7,"CO",0,0
"574",1985-03-28,24,4,5.7,"CO",0,0
"575",1985-03-29,24,4,5.5,"CO",0,0
"576",1985-03-30,24,4,5.4,"CO",0,0
"577",1985-03-31,24,7.5,5.6,"CO",0,0
"578",1985-04-01,24,8,6.2,"CO",0,0
"579",1985-04-02,24,9,8.6,"CO",0,0
"580",1985-04-03,24,7,13.5,"CO",0,0
"581",1985-04-04,24,2.5,13.6,"CO",0,0
"582",1985-04-05,24,5,11.7,"CO",0,0
"583",1985-04-06,24,6,10.7,"CO",0,0
"584",1985-04-07,24,1.5,10.6,"CO",0,0
"585",1985-04-08,24,7,11,"CO",0,0
"586",1985-04-09,24,8.5,14.9,"CO",0,0
"587",1985-04-10,24,8,23.3,"CO",0,0
"588",1985-04-11,24,8,32,"CO",0,0
"589",1985-04-12,24,7,39.9,"CO",1,0.0416666666666667
"590",1985-04-13,24,7,47.6,"CO",0,0
"591",1985-04-14,24,6,55.5,"CO",0,0
"592",1985-04-18,7.5,7.5,38.3,"CO",2,0.266666666666667
"593",1985-04-19,12,9,33.5,"CO",0,0
"594",1985-04-20,6,8.5,30.1,"CO",1,0.166666666666667
"595",1985-04-21,6,7.5,26.9,"CO",4,0.666666666666667
"596",1985-04-22,24,7.3,24.7,"CO",5,0.208333333333333
"597",1985-04-23,24,7.5,23.6,"CO",4,0.166666666666667
"598",1985-04-24,24,8.3,22,"CO",0,0
"599",1985-04-25,24,7.8,21.1,"CO",0,0
"600",1985-04-26,15,8.5,20.2,"CO",3,0.2
"601",1985-04-27,8.5,7.5,20.9,"CO",0,0
"602",1985-04-28,24,8.3,24.2,"CO",0,0
"603",1985-04-29,24,8,22.5,"CO",1,0.0416666666666667
"604",1985-04-29,24,8,22.5,"CO",1,0.0416666666666667
"605",1985-04-30,24,8.3,21.1,"CO",0,0
"606",1985-05-01,24,8.8,20.8,"CO",1,0.0416666666666667
"607",1985-05-02,24,11,22.9,"CO",0,0
"608",1985-05-03,24,10.5,28.5,"CO",0,0
"609",1985-05-04,24,10.5,32.7,"CO",0,0
"610",1985-05-05,24,9.8,32.1,"CO",1,0.0416666666666667
"611",1985-05-06,24,10.2,31.3,"CO",1,0.0416666666666667
"612",1985-05-07,24,11.3,33.4,"CO",2,0.0833333333333333
"613",1985-05-08,24,10.8,35.3,"CO",0,0
"614",1985-05-09,24,9.8,35.3,"CO",2,0.0833333333333333
"615",1985-05-10,13,11,36.3,"CO",1,0.0769230769230769
"616",1985-05-11,24,9.5,36,"CO",2,0.0833333333333333
"617",1985-05-12,24,10,33.4,"CO",2,0.0833333333333333
"618",1985-05-13,24,10.8,32.3,"CO",0,0
"619",1985-05-14,22.5,10.5,33.2,"CO",0,0
"620",1985-05-15,14,12,35.5,"CO",0,0
"621",1985-05-16,24,10.3,43.9,"CO",0,0
"622",1985-05-17,12,14.5,71.3,"CO",3,0.25
"623",1985-05-17,4.5,14,71.3,"CO",2,0.444444444444444
"624",1985-05-20,13,9.8,168,"CO",0,0
"625",1985-05-21,4,11,152,"CO",2,0.5
"626",1985-05-23,6,11,151,"CO",2,0.333333333333333
"627",1985-05-24,6,10.5,163,"CO",0,0
"628",1985-05-25,6,11.5,149,"CO",1,0.166666666666667
"629",1985-05-26,6,10.5,140,"CO",0,0
"630",1985-05-27,6,11,128,"CO",0,0
"631",1985-05-28,6,12,134,"CO",0,0
"632",1985-05-29,4.5,11,124,"CO",4,0.888888888888889
"633",1985-05-30,5.5,10.5,113,"CO",3,0.545454545454545
"634",1985-05-31,6,13,109,"CO",2,0.333333333333333
"635",1985-06-01,6,14,113,"CO",0,0
"636",1985-06-02,6,14,127,"CO",0,0
"637",1985-06-03,6,14,125,"CO",2,0.333333333333333
"638",1985-06-04,5,13,123,"CO",0,0
"639",1985-06-05,6,13.5,103,"CO",1,0.166666666666667
"640",1985-06-06,6,12.5,82.1,"CO",0,0
"641",1985-06-07,6,12,78.3,"CO",0,0
"642",1985-06-08,6,12.5,85.9,"CO",0,0
"643",1985-06-09,6,12.5,71.7,"CO",0,0
"644",1985-06-10,4,14,65.6,"CO",0,0
"645",1985-06-11,7,15,65.9,"CO",0,0
"646",1985-06-12,6,15,77.2,"CO",0,0
"647",1985-06-13,6,13.5,75.2,"CO",1,0.166666666666667
"648",1985-06-14,6,14.5,66.8,"CO",0,0
"649",1985-06-15,6,15,74.3,"CO",0,0
"650",1985-06-16,6,14,61,"CO",0,0
"651",1985-06-16,4,15,53.2,"CO",0,0
"652",1985-06-18,4.5,16.5,53.2,"CO",1,0.222222222222222
"653",1985-06-19,5.5,18.5,57.2,"CO",0,0
"654",1985-06-20,6,19,56.5,"CO",0,0
"655",1985-06-21,6,17.5,47.1,"CO",0,0
"656",1985-06-22,6,18.5,43.2,"CO",0,0
"657",1985-06-23,24,15.8,37.6,"CO",0,0
"658",1985-06-24,24,13.3,34.2,"CO",0,0
"659",1985-06-25,24,12.8,30.9,"CO",0,0
"660",1985-06-26,24,16,29.1,"CO",0,0
"661",1985-06-27,24,17.3,29.2,"CO",0,0
"662",1985-06-28,24,16.8,28.5,"CO",0,0
"663",1985-06-29,12,19,26.7,"CO",0,0
"664",1985-07-02,6,20,22.2,"CO",0,0
"665",1985-07-03,24,19.3,22.1,"CO",0,0
"666",1985-07-04,24,20.3,20.7,"CO",0,0
"667",1985-07-05,24,20,18.9,"CO",0,0
"668",1985-07-06,10,21,17.1,"CO",0,0
"669",1985-07-09,24,20.5,13,"CO",0,0
"670",1985-07-10,18,23.5,12.3,"CO",0,0
"671",1985-07-11,24,21.3,11.6,"CO",0,0
"672",1985-07-12,24,21,10.8,"CO",0,0
"673",1985-07-13,11.5,22,10,"CO",0,0
"674",1985-07-16,24,20.5,8.3,"CO",0,0
"675",1985-07-17,11.5,22.5,8.4,"CO",0,0
"676",1985-07-18,12,18.8,8,"CO",0,0
"677",1985-07-19,12.5,24,7.9,"CO",0,0
"678",1985-07-23,23,22,7.3,"CO",0,0
"679",1985-07-24,23,24,6.9,"CO",0,0
"680",1985-07-25,24,21.8,6.7,"CO",0,0
"681",1985-07-26,24,21.5,6.2,"CO",0,0
"682",1985-07-27,13,22,6.1,"CO",0,0
"683",1985-07-30,24,23.5,5.1,"CO",0,0
"684",1985-07-31,24,21,4.3,"CO",0,0
"685",1985-08-01,21,22,4.5,"CO",0,0
"686",1985-08-02,24,20,4.9,"CO",0,0
"687",1985-08-03,9.5,22,4.7,"CO",0,0
"688",1985-08-06,24,23,4,"CO",0,0
"689",1985-08-07,24,19.5,3.8,"CO",0,0
"690",1985-08-08,24,17,3.7,"CO",0,0
"691",1985-08-09,24,17.5,3.7,"CO",0,0
"692",1985-08-10,12.5,17,4,"CO",0,0
"693",1985-08-13,24,17.8,3.1,"CO",0,0
"694",1985-08-14,24,18,2.9,"CO",0,0
"695",1985-08-15,24,22.8,2.6,"CO",0,0
"696",1985-08-19,24,18.8,2.3,"CO",0,0
"697",1985-08-20,24,18,2.3,"CO",0,0
"698",1985-08-21,24,16.3,2.7,"CO",0,0
"699",1985-08-22,24,16,2.8,"CO",0,0
"700",1985-08-23,24,19,2.8,"CO",0,0
"701",1985-08-24,13,19,2.7,"CO",0,0
"702",1985-08-27,24,16.5,2.5,"CO",0,0
"703",1985-08-28,24,17.5,2.4,"CO",0,0
"704",1985-08-29,24,16,2.3,"CO",0,0
"705",1985-08-30,24,16.5,2.2,"CO",0,0
"706",1985-08-31,18,11,2.2,"CO",0,0
"707",1985-09-03,16.3,24,2.5,"CO",0,0
"708",1985-09-04,15.5,24,2.4,"CO",0,0
"709",1985-09-05,16,24,2.4,"CO",0,0
"710",1985-09-06,14.3,24,3,"CO",0,0
"711",1985-09-07,13,13,4.4,"CO",0,0
"712",1985-09-10,12.5,24,4.4,"CO",0,0
"713",1985-09-11,14,24,4.3,"CO",0,0
"714",1985-09-12,14,24,4.8,"CO",0,0
"715",1985-09-13,14,24,5.4,"CO",0,0
"716",1985-09-14,14,11.5,5.2,"CO",0,0
"717",1985-09-17,14.8,24,4.2,"CO",0,0
"718",1985-09-18,13.5,24,4.5,"CO",0,0
"719",1985-09-19,12,24,4.7,"CO",0,0
"720",1985-09-20,11,24,4.6,"CO",0,0
"721",1985-09-21,12,15,4.4,"CO",0,0
"722",1985-09-24,10,24,4,"CO",0,0
"723",1985-09-25,11,24,3.9,"CO",0,0
"724",1985-09-26,12.8,24,3.6,"CO",0,0
"725",1985-09-27,11.5,24,3.4,"CO",0,0
"726",1985-09-28,13,13,3.3,"CO",0,0
"727",1985-10-01,10,24,3.2,"CO",0,0
"728",1985-10-02,10.5,24,3.2,"CO",0,0
"729",1985-10-03,10.5,24,3.1,"CO",0,0
"730",1985-10-04,9.5,24,3,"CO",0,0
"731",1985-10-05,10,12,3.1,"CO",0,0
"732",1985-10-08,7,19,3.5,"CO",1,0.142857142857143
"733",1985-10-09,4.3,24,3.4,"CO",0,0
"734",1985-10-10,7.3,24,3.3,"CO",0,0
"735",1985-10-11,7.8,24,3.4,"CO",0,0
"736",1985-10-12,8,13.5,4.6,"CO",0,0
"737",1985-10-15,10,24,4.3,"CO",0,0
"738",1985-10-16,10.5,24,7.4,"CO",0,0
"739",1985-10-17,9,24,10.5,"CO",0,0
"740",1985-10-18,8.8,24,8.6,"CO",0,0
"741",1985-10-19,9,14,9.6,"CO",0,0
"742",1985-10-22,7.8,24,12.4,"CO",0,0
"743",1985-10-23,6,24,10.6,"CO",0,0
"744",1985-10-24,5.5,24,9.2,"CO",1,0.181818181818182
"745",1985-10-25,5.8,24,9,"CO",0,0
"746",1985-10-26,7,14.5,9.7,"CO",1,0.142857142857143
"747",1985-10-29,5,24,12.5,"CO",0,0
"748",1985-10-30,4.5,24,10.2,"CO",1,0.222222222222222
"749",1985-10-31,4,24,9.2,"CO",0,0
"750",1985-11-01,5,24,8.5,"CO",2,0.4
"751",1985-11-02,6,15,12,"CO",0,0
"752",1985-11-05,5.3,24,16.1,"CO",0,0
"753",1985-11-06,3,24,13.2,"CO",0,0
"754",1985-11-07,2.5,24,11.4,"CO",0,0
"755",1985-11-08,2.8,24,10.6,"CO",1,0.357142857142857
"756",1985-11-09,3,14,9.9,"CO",0,0
"757",1985-03-23,24,4,6.1,"RBT",1,0.0416666666666667
"758",1985-03-23,24,4,6.1,"RBT",1,0.0416666666666667
"759",1985-03-24,24,2,6.1,"RBT",1,0.0416666666666667
"760",1985-03-25,24,3.5,5.9,"RBT",0,0
"761",1985-03-26,24,3,5.9,"RBT",1,0.0416666666666667
"762",1985-03-27,24,4,5.7,"RBT",0,0
"763",1985-03-28,24,4,5.7,"RBT",0,0
"764",1985-03-29,24,4,5.5,"RBT",0,0
"765",1985-03-30,24,4,5.4,"RBT",1,0.0416666666666667
"766",1985-03-31,24,7.5,5.6,"RBT",0,0
"767",1985-04-01,24,8,6.2,"RBT",0,0
"768",1985-04-02,24,9,8.6,"RBT",0,0
"769",1985-04-03,24,7,13.5,"RBT",8,0.333333333333333
"770",1985-04-04,24,2.5,13.6,"RBT",22,0.916666666666667
"771",1985-04-05,24,5,11.7,"RBT",13,0.541666666666667
"772",1985-04-06,24,6,10.7,"RBT",7,0.291666666666667
"773",1985-04-07,24,1.5,10.6,"RBT",7,0.291666666666667
"774",1985-04-08,24,7,11,"RBT",19,0.791666666666667
"775",1985-04-09,24,8.5,14.9,"RBT",15,0.625
"776",1985-04-10,24,8,23.3,"RBT",63,2.625
"777",1985-04-11,24,8,32,"RBT",99,4.125
"778",1985-04-12,24,7,39.9,"RBT",123,5.125
"779",1985-04-13,24,7,47.6,"RBT",40,1.66666666666667
"780",1985-04-14,24,6,55.5,"RBT",84,3.5
"781",1985-04-18,7.5,7.5,38.3,"RBT",25,3.33333333333333
"782",1985-04-19,12,9,33.5,"RBT",23,1.91666666666667
"783",1985-04-20,6,8.5,30.1,"RBT",20,3.33333333333333
"784",1985-04-21,6,7.5,26.9,"RBT",8,1.33333333333333
"785",1985-04-22,24,7.3,24.7,"RBT",5,0.208333333333333
"786",1985-04-23,24,7.5,23.6,"RBT",13,0.541666666666667
"787",1985-04-24,24,8.3,22,"RBT",5,0.208333333333333
"788",1985-04-25,24,7.8,21.1,"RBT",2,0.0833333333333333
"789",1985-04-26,15,8.5,20.2,"RBT",6,0.4
"790",1985-04-27,8.5,7.5,20.9,"RBT",1,0.117647058823529
"791",1985-04-28,24,8.3,24.2,"RBT",5,0.208333333333333
"792",1985-04-29,24,8,22.5,"RBT",3,0.125
"793",1985-04-29,24,8,22.5,"RBT",3,0.125
"794",1985-04-30,24,8.3,21.1,"RBT",0,0
"795",1985-05-01,24,8.8,20.8,"RBT",1,0.0416666666666667
"796",1985-05-02,24,11,22.9,"RBT",3,0.125
"797",1985-05-03,24,10.5,28.5,"RBT",4,0.166666666666667
"798",1985-05-04,24,10.5,32.7,"RBT",0,0
"799",1985-05-05,24,9.8,32.1,"RBT",2,0.0833333333333333
"800",1985-05-06,24,10.2,31.3,"RBT",1,0.0416666666666667
"801",1985-05-07,24,11.3,33.4,"RBT",8,0.333333333333333
"802",1985-05-08,24,10.8,35.3,"RBT",5,0.208333333333333
"803",1985-05-09,24,9.8,35.3,"RBT",3,0.125
"804",1985-05-10,13,11,36.3,"RBT",1,0.0769230769230769
"805",1985-05-11,24,9.5,36,"RBT",6,0.25
"806",1985-05-12,24,10,33.4,"RBT",3,0.125
"807",1985-05-13,24,10.8,32.3,"RBT",4,0.166666666666667
"808",1985-05-14,22.5,10.5,33.2,"RBT",4,0.177777777777778
"809",1985-05-15,14,12,35.5,"RBT",2,0.142857142857143
"810",1985-05-16,24,10.3,43.9,"RBT",7,0.291666666666667
"811",1985-05-17,12,14.5,71.3,"RBT",14,1.16666666666667
"812",1985-05-17,4.5,14,71.3,"RBT",8,1.77777777777778
"813",1985-05-20,13,9.8,168,"RBT",7,0.538461538461538
"814",1985-05-21,4,11,152,"RBT",4,1
"815",1985-05-23,6,11,151,"RBT",5,0.833333333333333
"816",1985-05-24,6,10.5,163,"RBT",6,1
"817",1985-05-25,6,11.5,149,"RBT",2,0.333333333333333
"818",1985-05-26,6,10.5,140,"RBT",3,0.5
"819",1985-05-27,6,11,128,"RBT",3,0.5
"820",1985-05-28,6,12,134,"RBT",1,0.166666666666667
"821",1985-05-29,4.5,11,124,"RBT",3,0.666666666666667
"822",1985-05-30,5.5,10.5,113,"RBT",6,1.09090909090909
"823",1985-05-31,6,13,109,"RBT",5,0.833333333333333
"824",1985-06-01,6,14,113,"RBT",10,1.66666666666667
"825",1985-06-02,6,14,127,"RBT",6,1
"826",1985-06-03,6,14,125,"RBT",3,0.5
"827",1985-06-04,5,13,123,"RBT",8,1.6
"828",1985-06-05,6,13.5,103,"RBT",4,0.666666666666667
"829",1985-06-06,6,12.5,82.1,"RBT",1,0.166666666666667
"830",1985-06-07,6,12,78.3,"RBT",1,0.166666666666667
"831",1985-06-08,6,12.5,85.9,"RBT",3,0.5
"832",1985-06-09,6,12.5,71.7,"RBT",2,0.333333333333333
"833",1985-06-10,4,14,65.6,"RBT",1,0.25
"834",1985-06-11,7,15,65.9,"RBT",1,0.142857142857143
"835",1985-06-12,6,15,77.2,"RBT",0,0
"836",1985-06-13,6,13.5,75.2,"RBT",1,0.166666666666667
"837",1985-06-14,6,14.5,66.8,"RBT",0,0
"838",1985-06-15,6,15,74.3,"RBT",2,0.333333333333333
"839",1985-06-16,6,14,61,"RBT",1,0.166666666666667
"840",1985-06-16,4,15,53.2,"RBT",0,0
"841",1985-06-18,4.5,16.5,53.2,"RBT",0,0
"842",1985-06-19,5.5,18.5,57.2,"RBT",0,0
"843",1985-06-20,6,19,56.5,"RBT",0,0
"844",1985-06-21,6,17.5,47.1,"RBT",0,0
"845",1985-06-22,6,18.5,43.2,"RBT",1,0.166666666666667
"846",1985-06-23,24,15.8,37.6,"RBT",2,0.0833333333333333
"847",1985-06-24,24,13.3,34.2,"RBT",0,0
"848",1985-06-25,24,12.8,30.9,"RBT",0,0
"849",1985-06-26,24,16,29.1,"RBT",5,0.208333333333333
"850",1985-06-27,24,17.3,29.2,"RBT",1,0.0416666666666667
"851",1985-06-28,24,16.8,28.5,"RBT",2,0.0833333333333333
"852",1985-06-29,12,19,26.7,"RBT",3,0.25
"853",1985-07-02,6,20,22.2,"RBT",0,0
"854",1985-07-03,24,19.3,22.1,"RBT",8,0.333333333333333
"855",1985-07-04,24,20.3,20.7,"RBT",6,0.25
"856",1985-07-05,24,20,18.9,"RBT",10,0.416666666666667
"857",1985-07-06,10,21,17.1,"RBT",5,0.5
"858",1985-07-09,24,20.5,13,"RBT",7,0.291666666666667
"859",1985-07-10,18,23.5,12.3,"RBT",3,0.166666666666667
"860",1985-07-11,24,21.3,11.6,"RBT",12,0.5
"861",1985-07-12,24,21,10.8,"RBT",9,0.375
"862",1985-07-13,11.5,22,10,"RBT",18,1.56521739130435
"863",1985-07-16,24,20.5,8.3,"RBT",4,0.166666666666667
"864",1985-07-17,11.5,22.5,8.4,"RBT",6,0.521739130434783
"865",1985-07-18,12,18.8,8,"RBT",3,0.25
"866",1985-07-19,12.5,24,7.9,"RBT",15,1.2
"867",1985-07-23,23,22,7.3,"RBT",55,2.39130434782609
"868",1985-07-24,23,24,6.9,"RBT",42,1.82608695652174
"869",1985-07-25,24,21.8,6.7,"RBT",19,0.791666666666667
"870",1985-07-26,24,21.5,6.2,"RBT",38,1.58333333333333
"871",1985-07-27,13,22,6.1,"RBT",29,2.23076923076923
"872",1985-07-30,24,23.5,5.1,"RBT",12,0.5
"873",1985-07-31,24,21,4.3,"RBT",4,0.166666666666667
"874",1985-08-01,21,22,4.5,"RBT",7,0.333333333333333
"875",1985-08-02,24,20,4.9,"RBT",4,0.166666666666667
"876",1985-08-03,9.5,22,4.7,"RBT",2,0.210526315789474
"877",1985-08-06,24,23,4,"RBT",15,0.625
"878",1985-08-07,24,19.5,3.8,"RBT",19,0.791666666666667
"879",1985-08-08,24,17,3.7,"RBT",32,1.33333333333333
"880",1985-08-09,24,17.5,3.7,"RBT",23,0.958333333333333
"881",1985-08-10,12.5,17,4,"RBT",27,2.16
"882",1985-08-13,24,17.8,3.1,"RBT",41,1.70833333333333
"883",1985-08-14,24,18,2.9,"RBT",30,1.25
"884",1985-08-15,24,22.8,2.6,"RBT",29,1.20833333333333
"885",1985-08-19,24,18.8,2.3,"RBT",8,0.333333333333333
"886",1985-08-20,24,18,2.3,"RBT",10,0.416666666666667
"887",1985-08-21,24,16.3,2.7,"RBT",10,0.416666666666667
"888",1985-08-22,24,16,2.8,"RBT",16,0.666666666666667
"889",1985-08-23,24,19,2.8,"RBT",11,0.458333333333333
"890",1985-08-24,13,19,2.7,"RBT",11,0.846153846153846
"891",1985-08-27,24,16.5,2.5,"RBT",4,0.166666666666667
"892",1985-08-28,24,17.5,2.4,"RBT",2,0.0833333333333333
"893",1985-08-29,24,16,2.3,"RBT",3,0.125
"894",1985-08-30,24,16.5,2.2,"RBT",1,0.0416666666666667
"895",1985-08-31,18,11,2.2,"RBT",1,0.0555555555555556
"896",1985-09-03,16.3,24,2.5,"RBT",6,0.368098159509202
"897",1985-09-04,15.5,24,2.4,"RBT",2,0.129032258064516
"898",1985-09-05,16,24,2.4,"RBT",2,0.125
"899",1985-09-06,14.3,24,3,"RBT",66,4.61538461538461
"900",1985-09-07,13,13,4.4,"RBT",115,8.84615384615385
"901",1985-09-10,12.5,24,4.4,"RBT",928,74.24
"902",1985-09-11,14,24,4.3,"RBT",636,45.4285714285714
"903",1985-09-12,14,24,4.8,"RBT",549,39.2142857142857
"904",1985-09-13,14,24,5.4,"RBT",478,34.1428571428571
"905",1985-09-14,14,11.5,5.2,"RBT",431,30.7857142857143
"906",1985-09-17,14.8,24,4.2,"RBT",149,10.0675675675676
"907",1985-09-18,13.5,24,4.5,"RBT",112,8.2962962962963
"908",1985-09-19,12,24,4.7,"RBT",122,10.1666666666667
"909",1985-09-20,11,24,4.6,"RBT",87,7.90909090909091
"910",1985-09-21,12,15,4.4,"RBT",57,4.75
"911",1985-09-24,10,24,4,"RBT",26,2.6
"912",1985-09-25,11,24,3.9,"RBT",13,1.18181818181818
"913",1985-09-26,12.8,24,3.6,"RBT",5,0.390625
"914",1985-09-27,11.5,24,3.4,"RBT",4,0.347826086956522
"915",1985-09-28,13,13,3.3,"RBT",5,0.384615384615385
"916",1985-10-01,10,24,3.2,"RBT",1,0.1
"917",1985-10-02,10.5,24,3.2,"RBT",1,0.0952380952380952
"918",1985-10-03,10.5,24,3.1,"RBT",0,0
"919",1985-10-04,9.5,24,3,"RBT",6,0.631578947368421
"920",1985-10-05,10,12,3.1,"RBT",0,0
"921",1985-10-08,7,19,3.5,"RBT",11,1.57142857142857
"922",1985-10-09,4.3,24,3.4,"RBT",4,0.930232558139535
"923",1985-10-10,7.3,24,3.3,"RBT",10,1.36986301369863
"924",1985-10-11,7.8,24,3.4,"RBT",32,4.1025641025641
"925",1985-10-12,8,13.5,4.6,"RBT",29,3.625
"926",1985-10-15,10,24,4.3,"RBT",40,4
"927",1985-10-16,10.5,24,7.4,"RBT",50,4.76190476190476
"928",1985-10-17,9,24,10.5,"RBT",204,22.6666666666667
"929",1985-10-18,8.8,24,8.6,"RBT",392,44.5454545454545
"930",1985-10-19,9,14,9.6,"RBT",166,18.4444444444444
"931",1985-10-22,7.8,24,12.4,"RBT",74,9.48717948717949
"932",1985-10-23,6,24,10.6,"RBT",45,7.5
"933",1985-10-24,5.5,24,9.2,"RBT",49,8.90909090909091
"934",1985-10-25,5.8,24,9,"RBT",22,3.79310344827586
"935",1985-10-26,7,14.5,9.7,"RBT",31,4.42857142857143
"936",1985-10-29,5,24,12.5,"RBT",86,17.2
"937",1985-10-30,4.5,24,10.2,"RBT",53,11.7777777777778
"938",1985-10-31,4,24,9.2,"RBT",12,3
"939",1985-11-01,5,24,8.5,"RBT",30,6
"940",1985-11-02,6,15,12,"RBT",31,5.16666666666667
"941",1985-11-05,5.3,24,16.1,"RBT",67,12.6415094339623
"942",1985-11-06,3,24,13.2,"RBT",25,8.33333333333333
"943",1985-11-07,2.5,24,11.4,"RBT",21,8.4
"944",1985-11-08,2.8,24,10.6,"RBT",15,5.35714285714286
"945",1985-11-09,3,14,9.9,"RBT",2,0.666666666666667
"946",1985-03-23,24,4,6.1,"OTH",4,0.166666666666667
"947",1985-03-23,24,4,6.1,"OTH",4,0.166666666666667
"948",1985-03-24,24,2,6.1,"OTH",4,0.166666666666667
"949",1985-03-25,24,3.5,5.9,"OTH",1,0.0416666666666667
"950",1985-03-26,24,3,5.9,"OTH",5,0.208333333333333
"951",1985-03-27,24,4,5.7,"OTH",2,0.0833333333333333
"952",1985-03-28,24,4,5.7,"OTH",1,0.0416666666666667
"953",1985-03-29,24,4,5.5,"OTH",0,0
"954",1985-03-30,24,4,5.4,"OTH",0,0
"955",1985-03-31,24,7.5,5.6,"OTH",0,0
"956",1985-04-01,24,8,6.2,"OTH",0,0
"957",1985-04-02,24,9,8.6,"OTH",0,0
"958",1985-04-03,24,7,13.5,"OTH",17,0.708333333333333
"959",1985-04-04,24,2.5,13.6,"OTH",238,9.91666666666667
"960",1985-04-05,24,5,11.7,"OTH",7,0.291666666666667
"961",1985-04-06,24,6,10.7,"OTH",2,0.0833333333333333
"962",1985-04-07,24,1.5,10.6,"OTH",6,0.25
"963",1985-04-08,24,7,11,"OTH",5,0.208333333333333
"964",1985-04-09,24,8.5,14.9,"OTH",10,0.416666666666667
"965",1985-04-10,24,8,23.3,"OTH",134,5.58333333333333
"966",1985-04-11,24,8,32,"OTH",650,27.0833333333333
"967",1985-04-12,24,7,39.9,"OTH",459,19.125
"968",1985-04-13,24,7,47.6,"OTH",625,26.0416666666667
"969",1985-04-14,24,6,55.5,"OTH",654,27.25
"970",1985-04-18,7.5,7.5,38.3,"OTH",32,4.26666666666667
"971",1985-04-19,12,9,33.5,"OTH",48,4
"972",1985-04-20,6,8.5,30.1,"OTH",64,10.6666666666667
"973",1985-04-21,6,7.5,26.9,"OTH",28,4.66666666666667
"974",1985-04-22,24,7.3,24.7,"OTH",57,2.375
"975",1985-04-23,24,7.5,23.6,"OTH",41,1.70833333333333
"976",1985-04-24,24,8.3,22,"OTH",30,1.25
"977",1985-04-25,24,7.8,21.1,"OTH",27,1.125
"978",1985-04-26,15,8.5,20.2,"OTH",16,1.06666666666667
"979",1985-04-27,8.5,7.5,20.9,"OTH",2,0.235294117647059
"980",1985-04-28,24,8.3,24.2,"OTH",13,0.541666666666667
"981",1985-04-29,24,8,22.5,"OTH",0,0
"982",1985-04-29,24,8,22.5,"OTH",0,0
"983",1985-04-30,24,8.3,21.1,"OTH",4,0.166666666666667
"984",1985-05-01,24,8.8,20.8,"OTH",4,0.166666666666667
"985",1985-05-02,24,11,22.9,"OTH",7,0.291666666666667
"986",1985-05-03,24,10.5,28.5,"OTH",4,0.166666666666667
"987",1985-05-04,24,10.5,32.7,"OTH",13,0.541666666666667
"988",1985-05-05,24,9.8,32.1,"OTH",22,0.916666666666667
"989",1985-05-06,24,10.2,31.3,"OTH",24,1
"990",1985-05-07,24,11.3,33.4,"OTH",33,1.375
"991",1985-05-08,24,10.8,35.3,"OTH",46,1.91666666666667
"992",1985-05-09,24,9.8,35.3,"OTH",38,1.58333333333333
"993",1985-05-10,13,11,36.3,"OTH",19,1.46153846153846
"994",1985-05-11,24,9.5,36,"OTH",30,1.25
"995",1985-05-12,24,10,33.4,"OTH",16,0.666666666666667
"996",1985-05-13,24,10.8,32.3,"OTH",16,0.666666666666667
"997",1985-05-14,22.5,10.5,33.2,"OTH",13,0.577777777777778
"998",1985-05-15,14,12,35.5,"OTH",15,1.07142857142857
"999",1985-05-16,24,10.3,43.9,"OTH",17,0.708333333333333
"1000",1985-05-17,12,14.5,71.3,"OTH",60,5
"1001",1985-05-17,4.5,14,71.3,"OTH",245,54.4444444444444
"1002",1985-05-20,13,9.8,168,"OTH",175,13.4615384615385
"1003",1985-05-21,4,11,152,"OTH",77,19.25
"1004",1985-05-23,6,11,151,"OTH",122,20.3333333333333
"1005",1985-05-24,6,10.5,163,"OTH",42,7
"1006",1985-05-25,6,11.5,149,"OTH",38,6.33333333333333
"1007",1985-05-26,6,10.5,140,"OTH",31,5.16666666666667
"1008",1985-05-27,6,11,128,"OTH",28,4.66666666666667
"1009",1985-05-28,6,12,134,"OTH",20,3.33333333333333
"1010",1985-05-29,4.5,11,124,"OTH",29,6.44444444444444
"1011",1985-05-30,5.5,10.5,113,"OTH",19,3.45454545454545
"1012",1985-05-31,6,13,109,"OTH",36,6
"1013",1985-06-01,6,14,113,"OTH",23,3.83333333333333
"1014",1985-06-02,6,14,127,"OTH",18,3
"1015",1985-06-03,6,14,125,"OTH",13,2.16666666666667
"1016",1985-06-04,5,13,123,"OTH",15,3
"1017",1985-06-05,6,13.5,103,"OTH",10,1.66666666666667
"1018",1985-06-06,6,12.5,82.1,"OTH",16,2.66666666666667
"1019",1985-06-07,6,12,78.3,"OTH",12,2
"1020",1985-06-08,6,12.5,85.9,"OTH",14,2.33333333333333
"1021",1985-06-09,6,12.5,71.7,"OTH",8,1.33333333333333
"1022",1985-06-10,4,14,65.6,"OTH",2,0.5
"1023",1985-06-11,7,15,65.9,"OTH",5,0.714285714285714
"1024",1985-06-12,6,15,77.2,"OTH",6,1
"1025",1985-06-13,6,13.5,75.2,"OTH",24,4
"1026",1985-06-14,6,14.5,66.8,"OTH",8,1.33333333333333
"1027",1985-06-15,6,15,74.3,"OTH",7,1.16666666666667
"1028",1985-06-16,6,14,61,"OTH",13,2.16666666666667
"1029",1985-06-16,4,15,53.2,"OTH",1,0.25
"1030",1985-06-18,4.5,16.5,53.2,"OTH",15,3.33333333333333
"1031",1985-06-19,5.5,18.5,57.2,"OTH",11,2
"1032",1985-06-20,6,19,56.5,"OTH",18,3
"1033",1985-06-21,6,17.5,47.1,"OTH",6,1
"1034",1985-06-22,6,18.5,43.2,"OTH",7,1.16666666666667
"1035",1985-06-23,24,15.8,37.6,"OTH",16,0.666666666666667
"1036",1985-06-24,24,13.3,34.2,"OTH",4,0.166666666666667
"1037",1985-06-25,24,12.8,30.9,"OTH",2,0.0833333333333333
"1038",1985-06-26,24,16,29.1,"OTH",9,0.375
"1039",1985-06-27,24,17.3,29.2,"OTH",9,0.375
"1040",1985-06-28,24,16.8,28.5,"OTH",9,0.375
"1041",1985-06-29,12,19,26.7,"OTH",14,1.16666666666667
"1042",1985-07-02,6,20,22.2,"OTH",0,0
"1043",1985-07-03,24,19.3,22.1,"OTH",16,0.666666666666667
"1044",1985-07-04,24,20.3,20.7,"OTH",19,0.791666666666667
"1045",1985-07-05,24,20,18.9,"OTH",28,1.16666666666667
"1046",1985-07-06,10,21,17.1,"OTH",26,2.6
"1047",1985-07-09,24,20.5,13,"OTH",12,0.5
"1048",1985-07-10,18,23.5,12.3,"OTH",21,1.16666666666667
"1049",1985-07-11,24,21.3,11.6,"OTH",17,0.708333333333333
"1050",1985-07-12,24,21,10.8,"OTH",27,1.125
"1051",1985-07-13,11.5,22,10,"OTH",50,4.34782608695652
"1052",1985-07-16,24,20.5,8.3,"OTH",12,0.5
"1053",1985-07-17,11.5,22.5,8.4,"OTH",12,1.04347826086957
"1054",1985-07-18,12,18.8,8,"OTH",1,0.0833333333333333
"1055",1985-07-19,12.5,24,7.9,"OTH",3,0.24
"1056",1985-07-23,23,22,7.3,"OTH",8,0.347826086956522
"1057",1985-07-24,23,24,6.9,"OTH",6,0.260869565217391
"1058",1985-07-25,24,21.8,6.7,"OTH",4,0.166666666666667
"1059",1985-07-26,24,21.5,6.2,"OTH",23,0.958333333333333
"1060",1985-07-27,13,22,6.1,"OTH",14,1.07692307692308
"1061",1985-07-30,24,23.5,5.1,"OTH",20,0.833333333333333
"1062",1985-07-31,24,21,4.3,"OTH",7,0.291666666666667
"1063",1985-08-01,21,22,4.5,"OTH",6,0.285714285714286
"1064",1985-08-02,24,20,4.9,"OTH",6,0.25
"1065",1985-08-03,9.5,22,4.7,"OTH",10,1.05263157894737
"1066",1985-08-06,24,23,4,"OTH",124,5.16666666666667
"1067",1985-08-07,24,19.5,3.8,"OTH",101,4.20833333333333
"1068",1985-08-08,24,17,3.7,"OTH",92,3.83333333333333
"1069",1985-08-09,24,17.5,3.7,"OTH",83,3.45833333333333
"1070",1985-08-10,12.5,17,4,"OTH",27,2.16
"1071",1985-08-13,24,17.8,3.1,"OTH",107,4.45833333333333
"1072",1985-08-14,24,18,2.9,"OTH",126,5.25
"1073",1985-08-15,24,22.8,2.6,"OTH",59,2.45833333333333
"1074",1985-08-19,24,18.8,2.3,"OTH",146,6.08333333333333
"1075",1985-08-20,24,18,2.3,"OTH",183,7.625
"1076",1985-08-21,24,16.3,2.7,"OTH",259,10.7916666666667
"1077",1985-08-22,24,16,2.8,"OTH",248,10.3333333333333
"1078",1985-08-23,24,19,2.8,"OTH",195,8.125
"1079",1985-08-24,13,19,2.7,"OTH",119,9.15384615384615
"1080",1985-08-27,24,16.5,2.5,"OTH",118,4.91666666666667
"1081",1985-08-28,24,17.5,2.4,"OTH",130,5.41666666666667
"1082",1985-08-29,24,16,2.3,"OTH",152,6.33333333333333
"1083",1985-08-30,24,16.5,2.2,"OTH",50,2.08333333333333
"1084",1985-08-31,18,11,2.2,"OTH",144,8
"1085",1985-09-03,16.3,24,2.5,"OTH",259,15.8895705521472
"1086",1985-09-04,15.5,24,2.4,"OTH",143,9.2258064516129
"1087",1985-09-05,16,24,2.4,"OTH",270,16.875
"1088",1985-09-06,14.3,24,3,"OTH",269,18.8111888111888
"1089",1985-09-07,13,13,4.4,"OTH",72,5.53846153846154
"1090",1985-09-10,12.5,24,4.4,"OTH",101,8.08
"1091",1985-09-11,14,24,4.3,"OTH",109,7.78571428571429
"1092",1985-09-12,14,24,4.8,"OTH",141,10.0714285714286
"1093",1985-09-13,14,24,5.4,"OTH",321,22.9285714285714
"1094",1985-09-14,14,11.5,5.2,"OTH",332,23.7142857142857
"1095",1985-09-17,14.8,24,4.2,"OTH",74,5
"1096",1985-09-18,13.5,24,4.5,"OTH",71,5.25925925925926
"1097",1985-09-19,12,24,4.7,"OTH",124,10.3333333333333
"1098",1985-09-20,11,24,4.6,"OTH",122,11.0909090909091
"1099",1985-09-21,12,15,4.4,"OTH",32,2.66666666666667
"1100",1985-09-24,10,24,4,"OTH",31,3.1
"1101",1985-09-25,11,24,3.9,"OTH",26,2.36363636363636
"1102",1985-09-26,12.8,24,3.6,"OTH",16,1.25
"1103",1985-09-27,11.5,24,3.4,"OTH",16,1.39130434782609
"1104",1985-09-28,13,13,3.3,"OTH",15,1.15384615384615
"1105",1985-10-01,10,24,3.2,"OTH",12,1.2
"1106",1985-10-02,10.5,24,3.2,"OTH",28,2.66666666666667
"1107",1985-10-03,10.5,24,3.1,"OTH",64,6.09523809523809
"1108",1985-10-04,9.5,24,3,"OTH",45,4.73684210526316
"1109",1985-10-05,10,12,3.1,"OTH",37,3.7
"1110",1985-10-08,7,19,3.5,"OTH",3,0.428571428571429
"1111",1985-10-09,4.3,24,3.4,"OTH",6,1.3953488372093
"1112",1985-10-10,7.3,24,3.3,"OTH",19,2.6027397260274
"1113",1985-10-11,7.8,24,3.4,"OTH",23,2.94871794871795
"1114",1985-10-12,8,13.5,4.6,"OTH",14,1.75
"1115",1985-10-15,10,24,4.3,"OTH",15,1.5
"1116",1985-10-16,10.5,24,7.4,"OTH",72,6.85714285714286
"1117",1985-10-17,9,24,10.5,"OTH",123,13.6666666666667
"1118",1985-10-18,8.8,24,8.6,"OTH",69,7.84090909090909
"1119",1985-10-19,9,14,9.6,"OTH",9,1
"1120",1985-10-22,7.8,24,12.4,"OTH",79,10.1282051282051
"1121",1985-10-23,6,24,10.6,"OTH",9,1.5
"1122",1985-10-24,5.5,24,9.2,"OTH",10,1.81818181818182
"1123",1985-10-25,5.8,24,9,"OTH",2,0.344827586206897
"1124",1985-10-26,7,14.5,9.7,"OTH",4,0.571428571428571
"1125",1985-10-29,5,24,12.5,"OTH",10,2
"1126",1985-10-30,4.5,24,10.2,"OTH",3,0.666666666666667
"1127",1985-10-31,4,24,9.2,"OTH",4,1
"1128",1985-11-01,5,24,8.5,"OTH",4,0.8
"1129",1985-11-02,6,15,12,"OTH",3,0.5
"1130",1985-11-05,5.3,24,16.1,"OTH",31,5.84905660377358
"1131",1985-11-06,3,24,13.2,"OTH",7,2.33333333333333
"1132",1985-11-07,2.5,24,11.4,"OTH",6,2.4
"1133",1985-11-08,2.8,24,10.6,"OTH",0,0
"1134",1985-11-09,3,14,9.9,"OTH",3,1
